username,hash_value
alice_sec,f5b696b6ab2e174bfe6882ca5974611376455a9de4150b541abf3d7d
bob_admin,ae0a157c92a3aa20effb38920c7726e8ebf82b5e8cc302e2df8f5c47
charlie_dev,9c3e4c2e649c2e961621919e762a2edaade16a3f9a1681587fae8e84
diana_analyst,479ddb9e5f7e2b644453d3409c0a4a550bb3410ac05e9c58bde0be1b
frank_user,3c1ab0f7eefa90b351c45dbec5ed9ddc7727a4b1d423fa0ee8c10c45
grace_mgr,40674ca3aa984b0975d925e5754a799a030aed2a5a4836d5a0793779
helen_tester,738df044b2846fb17ae7f3ad2bed849c174a58ec3f852108a3aa0db2
ian_guest,39f51d92950c6c10b15443db5d21f01cd6a2b7620aeab4723682a3cf
jack_support,387eb5990dc78d8c86928ac045788d74871ddc5b37302666e832e387
